relative_path,member
include/axr.h,AXR
include/core.h,CORE
include/ds.h,DS
include/errors.h,ERRORS
include/iodd.h,IODD
include/ispf.h,ISPF
include/path.h,PATH
include/platform.h,PLATFORM
include/policy.h,POLICY
include/time.h,TIME
include/tls.h,TLS
include/tso.h,TSO
lua-vm/src/lapi.h,LAPI
lua-vm/src/lauxlib.h,LAUXLIB
lua-vm/src/lcode.h,LCODE
lua-vm/src/lctype.h,LCTYPE
lua-vm/src/ldebug.h,LDEBUG
lua-vm/src/ldo.h,LDO
lua-vm/src/lfunc.h,LFUNC
lua-vm/src/lgc.h,LGC
lua-vm/src/ljumptab.h,LJUMPTAB
lua-vm/src/llex.h,LLEX
lua-vm/src/llimits.h,LLIMITS
lua-vm/src/lmem.h,LMEM
lua-vm/src/lobject.h,LOBJECT
lua-vm/src/lopcodes.h,LOPCODES
lua-vm/src/lopnames.h,LOPNAMES
lua-vm/src/lparser.h,LPARSER
lua-vm/src/lprefix.h,LPREFIX
lua-vm/src/lstate.h,LSTATE
lua-vm/src/lstring.h,LSTRING
lua-vm/src/ltable.h,LTABLE
lua-vm/src/ltm.h,LTM
lua-vm/src/lua.h,LUA
lua-vm/src/lua.hpp,LUA8BB
lua-vm/src/luaconf.h,LUACONF
lua-vm/src/lualib.h,LUALIB
lua-vm/src/lundump.h,LUNDUMP
lua-vm/src/lvm.h,LVM
lua-vm/src/lzio.h,LZIO
lua-vm/src/polstb.h,POLSTB
lua-vm/src/pthstb.h,PTHSTB
lua-vm/src/timstb.h,TIMSTB
include/tso_native.h,TSONATV
include/tso_dair.h,TSODAIR
include/tso_ikjeftsr.h,IKJEFTSR
include/tsoeftr.h,TSOEFTR
include/tsowrt.h,TSOWRT
include/tso_dair_asm.h,TSODASM
include/tso_cmd_asm.h,TSOCMDA
